1,Robert,Baratheon,Usurper,Male,Faith of the Seven,Deceased,"Robert Baratheon is a major character in the first season. He is played by starring cast member Mark Addy, and debuts in the series premiere. Robert Baratheon was the ruler of the Seven Kingdoms, formally styled as Robert of the House Baratheon, the First of His Name, King of the Andals and the First Men, Lord of the Seven Kingdoms and Protector of the Realm. He took the throne through conquest in the war known as Robert's Rebellion. Robert was a great warrior in his youth. He killed Rhaegar Targaryen, Prince of Dragonstone, at the Battle of the Trident. After the war, Robert married Cersei Lannister to cement an alliance with House Lannister to hold the kingdoms together, but the marriage is loveless. Robert and Cersei have three children: Joffrey, Myrcella and Tommen. Unbeknown to Robert, all three were actually fathered by Cersei's twin brother, Jaime Lannister. Robert found the winning of his kingdom far more fulfilling than the running of it, and spent much of the next seventeen years whoring, drinking and hunting. So it is his small council that is delegated the tedious tasks of ruling. He is a childhood friend of Eddard Stark and considers him his true brother. He names Ned Hand of the King when the previous Hand dies in mysterious circumstances. Eddard launches an investigation and discovers that his predecessor was scrutinising the parentage of Cersei's children. Fearful of exposure, Cersei instructs Robert's squire, Lancel Lannister, to give him too much wine while hunting. Robert is fatally wounded by a boar and succumbs to his injuries soon afterwards. Robert names Eddard protector of the realm just before his death. Cersei then ignores the proclamation, has Eddard arrested, and seizes the throne for her son, Joffrey. The resulting dispute leads to the War of the Five Kings. "
2,Cersei,Lannister,,Female,Faith of the Seven,Alive,"Cersei Lannister is a major character in the first, second, third, fourth and fifth seasons. She is portrayed by starring cast member Lena Headey and debuts in the series premiere. Cersei is the widow of King Robert Baratheon and Queen Regent of the Seven Kingdoms. She installed her son Joffrey Baratheon on the Iron Throne under the false claim that he was a legitimate son from her marriage but he was actually the product of her incestuous relationship with her younger twin brother Ser Jaime Lannister. "
3,Tyrion,Lannister,Dwarf,Male,Faith of the Seven,Alive,"Tyrion Lannister is a major character in the first, second, third, fourth and fifth seasons. He is played by starring cast member Peter Dinklage and debuts in the series premiere. Tyrion Lannister is the youngest son of Lord Tywin Lannister and younger brother of Cersei and Jaime Lannister. A dwarf, he uses his wit and intellect to overcome the prejudice he faces. Tyrion is falsely accused of the attempted assassination of Bran Stark and taken captive by Catelyn Stark. Though he is eventually released after a trial by combat, his arrest triggers conflict between the Lannisters and the Starks, which escalates into full war after the death of King Robert and the arrest and execution of Eddard Stark. Tyrion is shortly after sent by his father to King's Landing to be acting Hand of the King to his newly crowned nephew Joffrey, with instructions to rein him in. With him he takes a prostitute named Shae whom he makes his mistress and comes to love, and Bronn, a fearsome sellsword who serves as his bodyguard and enforcer. Under difficult conditions, Tyrion holds the city together, strengthens and organizes the city's defenses, and makes an alliance with House Martell. He plays a vital role in the Crown's victory over Stannis Baratheon's forces during the Battle of Blackwater, and is wounded. Afterwards, Tyrion loses his position as Hand to his father. He remains an important player in the court, however, and is appointed Master of Coin and unwillingly married to Sansa Stark, considered the heiress to the North after the scattering of the Starks. When Joffrey is poisoned at his wedding feast, Cersei accuses Tyrion of his murder and Tyrion is put on trial. Realizing that the trial is a farce, Tyrion demands a trial by combat. However, his champion, Prince Oberyn, is brutally murdered by the Crown's champion Gregor Clegane, sentencing him to death. Before the sentence can be carried out, Jaime frees him. A vengeful Tyrion kills Shae and his father, then flees with Varys. "
4,Oberyn,Martell,The Viper,Male,Faith of the Seven,Deceased,"Oberyn Martell is a major character in the fourth season. He is portrayed by Pedro Pascal and first appears in ""Two Swords"". He's a member of House Martell, the ruling family of Dorne. Oberyn is well known for his fighting skills, passionate temper, and sexual appetites. Prince Oberyn, known as the Red Viper of Dorne, is the younger brother of Doran Martell, the Prince of Dorne, and the late Elia Martell, wife of Rhaegar Targaryen, the late Prince of Dragonstone and heir to the Iron Throne. Traveling to King's Landing to attend Joffrey's royal wedding in his brother's place, Oberyn's real motive is to seek revenge for the murder and rape of his sister by Tywin's bannerman, Gregor Clegane. Oberyn gets an opportunity to kill Clegane when he volunteers to champion Tyrion Lannister in a trial by combat; although he manages to severely wound and poison Clegane, he is ultimately killed. "
5,Jon,Snow,Bastard of Winterfell,Male,Old Gods of the Forest,Alive,"Jon Snow is a major character in the first, second, third, fourth and fifth seasons. He is played by starring cast member Kit Harington, and debuts in the series premiere. Jon is the bastard son of Lord Eddard Stark of Winterfell. He was a steward in the Night's Watch. Now serving on the Wall, Jon has found a place of acceptance where the circumstances of his birth are of little importance. He has a pet direwolf named Ghost, and wields the bastard sword, Longclaw, which was a gift from Lord Commander Jeor Mormont who sees Jon as a surrogate son. On a mission to discover King-Beyond-the-Wall Mance Rayder's plans, Jon infiltrated the wildling army. While learning their plans, Jon fell in love with a wildling woman, Ygritte, and began a relationship with her. Jon was forced to leave her behind after they scaled the Wall. Jon returned to his sworn brothers in the Watch and warned them about the coming invasion. After the Battle of Castle Black, the defense of which he helped lead, Jon was narrowly elected the 998th Lord Commander of the Night's Watch. "
6,Arya,Stark,Arry,Female,God of Death,Alive,"Arya Stark is a major character in the first, second, third, fourth and fifth seasons. She is played by starring cast member Maisie Williams, and debuts in the series premiere. Arya is the younger daughter of Lord Eddard Stark and his wife Lady Catelyn Stark. She is headstrong, fiercely independent, disdains traditional women's pursuits, and thus is often mistaken for a boy. She wields a sword named Needle, a gift from her half-brother, Jon Snow, and was trained in the Braavosi style of swordfighting while living in King's Landing. She adopted the direwolf Nymeria, but they have since been separated after Nymeria attacked Joffrey, forcing Arya to send her away in order to prevent her execution. When her father is betrayed and executed by Joffrey, Arya flees the capital with the help of the Night's Watch recruiter, Yoren, who gets her out of the city disguised as an orphan boy ""Arry"" and tries to take her home. However, she is taken prisoner by Ser Gregor Clegane's men and taken to Harrenhal, where she briefly serves as cupbearer to an unsuspecting Tywin Lannister. After escaping, she begins making her way towards Riverrun and is captured by the Brotherhood Without Banners and subsequently by Sandor Clegane. She serves as his prisoner, and they travel across Westeros as he unsuccessfully attempts to ransom her to various family members. In Clegane's company, Arya becomes increasingly hardened and brutalized, and personally kills a number of men. She compiles a list of people she intends to kill. After Clegane is gravely injured in a fight, she abandons him. Long since given up for dead by many in Westeros, Arya is now aboard a ship bound for Braavos. "
7,Eddard,Stark,Ned,Male,Old Gods of the Forest,Deceased,"Eddard Stark, also known by his friends and family as Ned, is a major character in the first season. He is played by starring cast member Sean Bean, and debuts in the series premiere. Eddard is the head of House Stark and Lord Paramount of the North. He is a dedicated husband and father, a loyal friend and an honorable lord. Eddard becomes Hand of the King to his lifelong friend, Robert Baratheon, when the previous hand dies in suspicious circumstances. He follows his predecessor's footsteps and uncovers an incestuous relationship between Queen, Cersei Lannister, and her brother, Ser Jaime Lannister. Robert dies after being injured while hunting and Eddard challenges the legitimacy of his successor, Joffrey Baratheon, but is betrayed by his political allies and arrested for treason. He confesses to the crime to protect his family, but is nevertheless executed due to Joffrey's impulsive sadism. The conflict between House Stark and House Lannister sets the stage for the War of the Five Kings. "
8,Daenerys,Targaryen,"Stormborn-Mother of Dragons",Female,,Alive,"Daenerys Targaryen, sometimes called Dany by her brother Viserys, is a major character in the first, second, third, fourth and fifth seasons. She is played by starring cast member Emilia Clarke, and debuts in the series premiere. She is the only surviving child of King Aerys II Targaryen, who was ousted from the Iron Throne during Robert's Rebellion. Daenerys's mother was sent to safety on Dragonstone island just before the Sack of King's Landing, and died giving birth to her during a great storm which wrecked the remaining Targaryen fleet at anchor, earning her the sobriquet Daenerys Stormborn. She lives in exile in Essos. Daenerys was sold into marriage to the Dothraki Khal Drogo; the two gradually fell in love, but she lost her husband and stillborn son to the manipulations of the vengeful maegi Mirri Maz Duur. Her marriage to Drogo and subsequent interaction with the Dothraki people gives her the confidence and strength to lead and the belief in herself as the rightful queen of the Seven Kingdoms. Following the death of her brother Viserys, Daenerys was left as the last Targaryen, and intends to claim the Iron Throne as her birthright. She formally styles herself as Queen Daenerys of House Targaryen, First of Her Name. She hatched three dragons by having her petrified dragon eggs placed on Drogo's funeral pyre, before she walked into the flames to claim them. Her dragons are the first seen in the world for hundreds of years, earning her the sobriquet Mother of Dragons. During her campaign in Slaver's Bay, she is introduced as Daenerys Stormborn of the House Targaryen, the First of Her Name, the Unburnt, Queen of Meereen, Queen of the Andals and the Rhoynar and the First Men, Khaleesi of the Great Grass Sea, Breaker of Chains, and Mother of Dragons. She has proven herself as a leader and a conqueror through her swift and (for the most part) merciful conquests of the Free Cities of Astapor and Yunkai. "
9,Margaery,Tyrell,,Female,Faith of the Seven,Alive,"Margaery Tyrell is a major character in the second, third, fourth and fifth seasons. She is played by Natalie Dormer and debuts in ""What is Dead May Never Die."" Queen Margaery Tyrell is the widow of King Renly Baratheon, a claimant to the Iron Throne in the War of the Five Kings. Her father Lord Mace Tyrell is the ruler of the Reach. She is betrothed to King Joffrey Baratheon after the Battle of Blackwater, and briefly becomes his queen, but this is cut short when Joffrey is fatally poisoned at their wedding feast. She has subsequently become betrothed to Joffrey's brother and successor, Tommen Baratheon. Margaery is known for her beauty, political cunning, and ambition, although she has a compassionate side. "
10,Ygritte,,Kissed by Fire,Female,Old Gods of the Forest,Deceased,"Ygritte is a major character in the third and fourth seasons, played by Rose Leslie. She initially appeared as a recurring character in the second season and debuted in ""The Old Gods and the New."" Ygritte is a woman of the Free Folk who lives north of the Wall. She is part of Mance Rayder's army. "
11,Doran,Martell,,Male,Faith of the Seven,Alive,"Doran Martell is a recurring character in the fifth season, although he had already been mentioned in the second and fourth seasons. He is played by Alexander Siddig. Doran Martell is the head of House Martell, the ruling Prince of Dorne, and the Lord of Sunspear. He is the older brother of Elia and Oberyn Martell, and the father of Trystane Martell. "
12,Robin,Arryn,Little Bird,Male,Faith of the Seven,Alive,"Robin Arryn, commonly called ""Sweetrobin"" by his mother, is a recurring character in the first, fourth and fifth seasons. He is played by guest star Lino Facioli and debuts in ""The Wolf and the Lion"". Lord Robin Arryn is the only surviving child and heir of Lord Jon Arryn by his wife, Lysa of House Tully. He is the Lord of the Eyrie, the head of House Arryn, the Warden of the East and Lord Paramount of the Vale of Arryn. His mother was killed by Petyr Baelish in ""Mockingbird"" by being pushed out of the Moon Door and falling hundreds of feet to her death, leaving Petyr as the acting Lord Paramount of the Vale as Robin's step-father. "
13,Tommen,Baratheon,,Male,Faith of the Seven,Alive,"Tommen Baratheon is a major character in the fifth season. He initially appeared as a recurring character in the first, second and fourth seasons. He is portrayed by guest star Dean-Charles Chapman, taking over the role (starting in Season 4) from Callum Wharry, who played the character briefly in Seasons 1 and 2. Tommen is the younger brother of late King Joffrey and Princess Myrcella, and Joffrey's heir presumptive to the Iron Throne. Though legally the son of the late King Robert Baratheon and Queen Cersei Lannister, his true father is Ser Jaime Lannister, the Queen's twin brother. Following Joffrey's death at his wedding feast, Tommen is crowned King. His formal style is Tommen of the House Baratheon, First of His Name, King of the Andals and the First Men and Lord of the Seven Kingdoms. As he is not old enough to rule in his own right and command the military forces of the Seven Kingdoms, he does not yet bear the title of Protector of the Realm. "
14,Stannis,Baratheon,Son of Fire,Male,Lord of Light,Alive,"Stannis Baratheon is a major character in the second, third, fourth and fifth seasons. He is played by starring cast member Stephen Dillane, and debuts in ""The North Remembers"". Stannis is mentioned in the first season but did not appear. Stannis Baratheon is the Lord of Dragonstone, the younger brother of late King Robert Baratheon, and older brother of Renly Baratheon. When Eddard Stark discovers that Robert's heir Joffrey is in reality a bastard born out of incest between Queen Cersei Lannister and her brother Jaime, Stannis, as the lawful heir, claims the Iron Throne for himself, beginning the War of the Five Kings. He attacks King's Landing, but most of his forces are destroyed and scattered at the Battle of the Blackwater, and he retreats to Dragonstone. Stannis is heavily influenced by his priestess Melisandre, an adherent of the Lord of Light religion. He is also attended at most times by his loyal Hand and confidant, Ser Davos Seaworth. Stannis raises a new army courtesy of a loan from the Iron Bank of Braavos, and inflicts a decisive defeat on an invading wilding army beyond the Wall. Stannis styles himself as Stannis of the House Baratheon, First of His Name, King of the Andals and the First Men, Lord of the Seven Kingdoms and Protector of the Realm. "
15,Mance,Rayder,King Beyond the Wall,Male,Old Gods of the Forest,Alive,"Mance Rayder is a recurring character in the third, fourth and fifth seasons. He is mentioned in the first and second seasons. He makes his first on-screen appearance in ""Valar Dohaeris"" and is played by Ciaran Hinds. He is the leader of the Free Folk and a feared opponent of the Night's Watch. "
16,Balon,Greyjoy,Invader of the North,Male,Drowned God,Alive,"Balon Greyjoy is a recurring character in the second and third seasons. He is played by guest star Patrick Malahide and debuts in ""The Night Lands."" Balon Greyjoy is the Lord Reaper of Pyke and the head of House Greyjoy. He is the father of major character Theon Greyjoy. "
17,Alliser,Thorne,,Male,Faith of the Seven,Alive,"Alliser Thorne is a recurring character in the first, fourth, and fifth seasons. He is played by guest star Owen Teale and debuts in ""Lord Snow."" He was originally announced as being played by Derek Halligan, but Halligan withdrew from the role before production began. Ser Alliser Thorne is the Master-at-Arms at Castle Black and is responsible for training new recruits to the Night's Watch. "
18,Brandon,Stark,Bran,Male,Old Gods of the Forest,Alive,"Brandon Stark, commonly called Bran, is a major character in the first, second, third and fourth seasons. He will not appear in the fifth season. He is played by starring cast member Isaac Hempstead-Wright and debuts in the series premiere. Bran Stark is a noble boy living with his family in Winterfell. He lost the use of his legs after being pushed out of a tower window. He relies on the servant Hodor to aid his mobility. He has had prophetic dreams. Bran adopted the direwolf Summer and they have forged a strong connection. He is able to see through the direwolf's eyes while he sleeps, as Bran is a Warg: a person who possesses the magical ability to enter the minds of animals and people. Bran is also blessed with the magical power of greensight, which gives him prophetic visions in his dreams. "
19,Edmure,Tully,,Male,Faith of the Seven,Alive,"Edmure Tully is a recurring character in the third season. He is played by Tobias Menzies. Edmure is the son and heir of the late Lord Hoster Tully of Riverrun. He is the younger brother of Catelyn and Lysa. "
20,Mace,Tyrell,Lord Oaf,Male,Faith of the Seven,Alive,"Mace Tyrell is a recurring character in the fourth and fifth seasons. He is played by guest star Roger Ashton-Griffiths and debuts in ""The Lion and the Rose"". Lord Mace Tyrell is the Lord of Highgarden and head of House Tyrell. He is the father of Loras and Margaery Tyrell, and the son of Olenna Tyrell. He initially supported Renly Baratheon's claim to the Iron Throne in the War of the Five Kings, but after Renly's death he successfully negotiated an alliance with House Lannister to support King Joffrey's claim to the throne, on the condition that his daughter Margaery would marry Joffrey, making her the new queen and giving House Tyrell the prestige of entering into the royal bloodline. "
21,Walder,Frey,The Late Lord Frey,Male,Faith of the Seven,Alive,"Walder Frey is a recurring character in the first and third seasons. He is played by guest star David Bradley. Lord Walder is the Lord of the Crossing and the head of House Frey. He initially allied himself with King Robb Stark in the War of the Five Kings in exchange for a marriage contract to one of his daughters, but betrayed him at the Red Wedding after Robb broke his vow by marrying Talisa Maegyr, killing Robb, Talisa, his mother, and most of the Stark army.  "
22,Tywin,Lannister,Savior of the City,Male,Faith of the Seven,Deceased,"Lord Tywin Lannister is a major character in the second, third and fourth seasons. He initially appeared as a recurring character in the first season, debuting in ""You Win or You Die"", and appeared briefly as a corpse in the fifth season. He is played by starring cast member Charles Dance. Tywin Lannister is the head of House Lannister, Lord of Casterly Rock, Warden of the West, Lord Paramount of the Westerlands, Hand of the King on two occasions, and Protector of the Realm. He is the father of Cersei, Jaime and Tyrion Lannister. Intelligent, calculating, ruthless and intimidating, Tywin is the richest man in Westeros and effectively the most powerful when he serves as Hand of the King to his grandsons Joffrey and Tommen. His driving force is to secure his legacy and that of the Lannister name, and will do whatever he considers necessary to protect the family. Tywin is often at odds with his three children, whom he considers a disappointment. His mistreatment of Tyrion eventually results in Tyrion killing him in cold blood, after the former is sentenced to death for a murder he did not commit.  "
23,Robb,Stark,King in the North,Male,Old Gods of the Forest,Deceased,"Robb Stark is a major character in the first, second, and third seasons. He is played by starring cast member Richard Madden, and debuts in the series premiere. Robb is the eldest son of Lord Eddard Stark of Winterfell and his wife Lady Catelyn, brother of Sansa, Arya, Bran and Rickon Stark, and half-brother of Jon Snow. He adopts a direwolf named Grey Wind. When Eddard is arrested and subsequently executed by King Joffrey, Robb is declared King in the North, and leads a rebellion against the Iron Throne. In the resulting conflict, he proves himself an adept battle commander, securing several notable victories over Lannister forces and capturing Jaime Lannister. However, he is a naive and inexperienced politician, putting honorable conduct over practical concerns, and makes a number of crucial blunders. He breaks an oath to marry a daughter of his ally Walder Frey, choosing instead to marry Talisa Maegyr, and he entrusts Theon Greyjoy to negotiate an alliance with the ironborn, but Theon betrays him and seizes Winterfell. Robb then alienates the Karstarks, who make up nearly half of his remaining army, when he executes their leader Rickard Karstark, after Rickard kills two young Lannister boys. With the war turning against him, Robb is forced to turn to the Freys again. He seemingly wins back their support by agreeing for his uncle Edmure Tully to marry Roslin Frey. Unbeknownst to Robb, it is a trap, as the Freys and Stark bannerman Roose Bolton are now in league with Tywin Lannister. At the wedding feast, despite invoking guest right, the Freys turn on the Starks, and Robb, Catelyn, Talisa and most of his army are massacred in what becomes known as the Red Wedding. Robb himself is personally killed by Roose Bolton. This effectively ends the northern rebellion, and the Starks are stripped of their ancestral seat in the North. "
24,Jaime,Lannister,Kingslayer,Male,Faith of the Seven,Alive,"Jaime Lannister is a major character in the first, second, third, fourth and fifth seasons. He is played by starring cast member Nikolaj Coster-Waldau and debuts in the series premiere. Ser Jaime Lannister is a knight of the Kingsguard, the son of Tywin Lannister, twin brother of Queen Cersei Lannister, and older brother of Tyrion Lannister. Previously he served in the Kingsguard of Aerys II Targaryen and, infamously, he betrayed and killed Aerys during the Sack of King's Landing, earning him the sobriquet ""The Kingslayer"". Jaime is involved in an incestuous sexual relationship with Cersei, and, unknown to most, is the biological father of her three children, Joffrey, Myrcella and Tommen. Jaime visits Winterfell in King Robert's entourage; he pushes Bran Stark from a window when Bran sees him having intercourse with Cersei. Bran survives but is paralyzed from the waist down and has no memory of the event. Evidence implicating House Lannister emerges and sparks a war with the Starks, which eventually escalates into a major conflict. Jaime leaves his post to join his father's attack on the Riverlands. After Joffrey assumes the Iron Throne, Jaime is promoted in absentia to Lord Commander of the Kingsguard. However, his army is routed by Robb Stark's forces during the Battle of the Whispering Wood and he is taken prisoner. Catelyn Stark later releases him with the promise that he will return her daughters Sansa and Arya to her. Escorted by Brienne of Tarth, they begin an arduous journey back to King's Landing, during which Jaime's sword hand is cut off by Locke. Jaime and Brienne eventually reach the capital, where Jaime ultimately helps Tyrion escape from prison for a murder he did not commit, though it indirectly leads to Tywin's murder at Tyrion's hands, which Jaime holds himself partly responsible for. "
25,Joffrey,Baratheon,,Male,Faith of the Seven,Deceased,"Joffrey Baratheon is a major character in the first, second, third, and fourth seasons. He is played by Jack Gleeson and debuts in the series premiere. Joffrey ruled the Seven Kingdoms, having claimed the Iron Throne after his legal father, King Robert Baratheon, died. However, Joffrey was actually the bastard son of the incestuous relationship between Ser Jaime Lannister and Queen Cersei Lannister. Because of this, his claim to the Iron Throne was challenged by Robert's younger brother, Stannis Baratheon. He was formally styled as His Grace, Joffrey of the Houses Baratheon and Lannister, the First of His Name, King of the Andals and the First Men, Lord of the Seven Kingdoms, and Protector of the Realm. Joffrey was originally betrothed to Sansa Stark, whom he kept captive in King's Landing after he beheaded her father for treason, as Eddard Stark tried to reveal the truth about his parentage. However, he later set Sansa aside in favor of Margaery Tyrell, as part of the new alliance between House Lannister, the primary supporters of Joffrey, and House Tyrell, the ruling house of the Reach whose support helped save King's Landing from Stannis Baratheon's attack. At his wedding to Margaery Tyrell, Joffrey was assassinated by drinking poisoned wine. His final gesture as he was dying was towards his uncle, Tyrion Lannister. Upon his death, Cersei Lannister arrests Tyrion on the grounds of regicide, though the actual orchestrators are Lord Petyr Baelish and Lady Olenna Tyrell. "
26,Varys,,The Spider,Male,Faith of the Seven,Alive,"Varys, sometimes called the Spider, is a major character in the second, third, fourth and fifth seasons. He initially appeared as a recurring character in the first season and debuted in ""Lord Snow"". He is played by starring cast member Conleth Hill. Varys is a eunuch and was the Master of Whisperers on the king's small council until he is forced to flee King's Landing with Tyrion Lannister. He is a skilled manipulator and commands a network of informants across two continents.   "
27,Petyr,Baelish,Littlefinger,Male,Faith of the Seven,Alive,"Petyr Baelish, popularly called Littlefinger, is a major character in the first, second, third, fourth and fifth seasons. He is played by starring cast member Aidan Gillen and debuts in ""Lord Snow."" Petyr Baelish was the Master of Coin on the Small Council. He is a skilled manipulator and uses his ownership of brothels in King's Landing to both accrue intelligence on political rivals and acquire vast wealth. Baelish's spy network is eclipsed only by that of Varys. He betrayed Eddard Stark to side with House Lannister and King Joffrey Baratheon following the death of King Robert Baratheon, becoming one of the instigators of the War of the Five Kings. Following the events of the Battle of Blackwater, King Joffrey named Littlefinger the Lord of Harrenhal. He eventually marries Lysa Arryn and proceeds to murder her shortly afterwards, becoming Lord Protector of the Vale until Lord Robin Arryn comes of age and one of the most powerful men in all of Westeros. "
28,Sansa,Stark,Alayne,Female,Old Gods of the Forest,Alive,"Sansa Stark is a major character in the first, second, third, fourth and fifth seasons. She is played by starring cast member Sophie Turner, and debuts in the series premiere. Sansa is the daughter of Lord Eddard Stark of Winterfell and his wife Lady Catelyn, sister of Robb, Arya, Bran and Rickon Stark, and half-sister of Jon Snow. She moves to King's Landing when her father is appointed Hand of the King to Robert Baratheon, and she is betrothed to heir apparent Joffrey. Things soon turn sour for Sansa in King's Landing; she is forced to watch as her father is betrayed and executed for treason by Joffrey. During the resulting War of the Five Kings, Sansa is effectively a prisoner of the Lannisters, and repeatedly humiliated and brutalized by Joffrey, who later repudiates his betrothal to her in favor of Margaery Tyrell. During her captivity, Sansa, by now thought to be the last surviving Stark, is unwillingly married to Tyrion Lannister at the behest of his father. In the wake of Joffrey's assassination, she is spirited away from the city by Petyr Baelish. She adopts the alias of Alayne and is presented as Lord Petyr's niece, to hide her from recapture by the Lannisters. "
29,Catelyn,Stark,,Female,Old Gods of the Forest,Deceased,"Catelyn Stark, nee Tully, is a major character in the first, second and third seasons. She is played by starring cast member Michelle Fairley, and debuts in the series premiere. She was played in the unaired pilot by Jennifer Ehle but the role was recast. Catelyn is from House Tully and married into House Stark. She is a devoted mother and is fiercely protective of her children. Her husband, Eddard Stark, is the Lord paramount of the North. He becomes Hand of the King to Robert Baratheon and travels south to the capital. Following an assassination attempt on her son Bran, she follows Eddard to warn him that House Lannister were involved. On her return journey she chances upon Tyrion Lannister and takes him into custody. This incites further conflict between the houses and Eddard is arrested for treason when Cersei Lannister becomes queen regent following the unexpected death of Robert. Catelyn is forced to release Tyrion when he proves his innocence in a trial by combat. She joins her son, Robb Stark, who has gathered the Stark banners to fight for Eddard's freedom. Eddard is executed on the order of King Joffrey Baratheon and Catelyn promises Robb that they will avenge him. While at the wedding of her brother to Roslin Frey, Catelyn is killed along with her son, his wife, and most of the Stark bannermen. "
30,Theon,Greyjoy,Reek,Male,Drowned God,Alive,"Theon Greyjoy is a major character in the first, second, third, fourth and fifth seasons. He is played by starring cast member Alfie Allen and debuts in the series premiere. Theon is the heir of Lord Balon Greyjoy of the Iron Islands. He has been a hostage of House Stark since his father's failed uprising against King Robert Baratheon. Despite his status, Theon became a close friend to Robb Stark. However, after Robb sent him as an emissary to his father during his war against the Iron Throne, the Greyjoy prince turned on the Starks and joined Lord Balon in his campaign to seize the North. He took over Winterfell and installed himself as Prince of Winterfell until he was betrayed by his own crew and delivered to House Bolton shortly after. As a prisoner of Ramsay Snow, the ""Bastard of Bolton"", he has been subjected to physical and psychological torture and mockingly renamed as ""Reek"". "
31,Hodor,Hodor,Hodor,Male,Hodor,Alive,"Hodor is a recurring character in the first, second, third and fourth seasons. He is played by guest star Kristian Nairn and debuts in the series premiere, though he does not speak until ""Cripples, Bastards and Broken Things."" Hodor is a simpleminded servant of House Stark at Winterfell working in the stables. He aids Bran Stark's mobility after he sustains a paralyzing injury when falling from a tower by carrying him from place to place, in his arms, in a basket on his back, and in a wheelbarrow. After Winterfell is captured by Theon Greyjoy, Hodor escapes with Osha, Bran, and Rickon leaving a trail, then back tracking to hide in the Stark crypts. When emerging to find Winterfell burned, he leaves with Osha to take Bran and Rickon north to the Wall to Jon Snow. "
32,Melisandre,,The Red Woman,Female,Lord of Light,Alive,"Melisandre, often referred to as The Red Woman, is a major character in the second, third, fourth and fifth seasons. She is played by starring cast member Carice van Houten and debuts in ""The North Remembers."" She is a priestess of the Lord of Light and a close advisor to Stannis Baratheon."
33,Davos,Seaworth,The Onion Knight,Male,Faith of the Seven,Alive,"Ser Davos Seaworth is a major character in the second, third, fourth and fifth seasons. He is played by starring cast member Liam Cunningham and debuts in ""The North Remembers"". Davos is a landed knight, and a former smuggler in the service of Stannis Baratheon, Lord of Dragonstone and claimant to the Iron Throne. "
34,Jorah ,Mormont,,Male,Old Gods of the Forest,Alive,"Ser Jorah Mormont is a major character in the first, second, third, fourth and fifth seasons. He is played by starring cast member Iain Glen, and debuts in the series premiere. Ser Jorah is an exiled Northern lord living in Essos. He has sworn fealty to his fellow exile Daenerys Targaryen and helps her adapt to life as a Khaleesi of the Dothraki. Originally, Jorah was working as a spy for Varys, King Robert's spymaster in King's Landing, sending Varys information about the Targaryen exiles. But he grows to respect and admire Daenerys and begins serving her in earnest. He saves her from an assassination attempt, stops sending reports to Varys and ignores an official royal pardon which would allow him to return home to Westeros. He develops strong and unrequited feelings for her. When Daenerys learns of his past spying, however, he is dismissed from her service and ordered to leave her presence. "
35,Renly,Baratheon,,Male,Faith of the Seven,Deceased,"Renly Baratheon is a recurring character in the first and second seasons. He is played by guest star Gethin Anthony, and debuts in ""Lord Snow."" Renly is a younger son of House Baratheon who is the Lord of Storm's End and has served on the small council as Master of Laws. Following the death of his oldest brother King Robert Baratheon, Renly claims the Iron Throne for himself, contesting the claims of his nephew Joffrey Baratheon and his older brother Stannis Baratheon. Renly is assassinated by a shadow creature conjured by Stannis' advisor Melisandre during the War of the Five Kings. After Renly's death most of his bannermen from the Stormlands submit to his older brother. "
36,Rickon,Stark,,Male,Old Gods of the Forest,Alive,"Rickon Stark is a recurring character in the first, second and third seasons. He is played by guest star Art Parkinson and debuts in the series premiere. Rickon is the youngest son of Eddard Stark and Catelyn Stark and lives with his family in Winterfell until the Fall of Winterfell. Rickon adopted the direwolf Shaggydog and they have forged a strong connection. He traveled to find safety at Last Hearth with the wildling Osha after being separated from his brother, Bran, Hodor, Meera and Jojen Reed. He is six when the series begins. "
37,Brynden,Tully,Blackfish,Male,Faith of the Seven,Alive,"Brynden Tully, popularly called ""the Blackfish"", is a recurring character in the third season. He is played by Clive Russell. Ser Brynden Tully is a knight and a member of House Tully. He is the younger brother of Lord Hoster Tully, and the uncle of Catelyn, Lysa, and Edmure Tully. "
38,Kevan,Lannister,,Male,Faith of the Seven,Alive,"Kevan Lannister is a recurring character in the first, second, and fifth seasons. He is played by guest star Ian Gelder and debuts in ""The Pointy End"". Ser Kevan is a loyal adviser to his older brother Lord Tywin Lannister and one of the topmost officers in the Lannister armies during the War of the Five Kings. "
39,Ramsay,Bolton,the Bastard of Bolton,Male,Old Gods of the Forest,Alive,"Ramsay Bolton (formerly Snow) is a major character in the fourth and fifth seasons. He initially appeared as a recurring character in the third season. He is portrayed by Iwan Rheon, and debuts in ""Dark Wings, Dark Words"". He was first referred to in Season 2, but his actual name is not mentioned until ""Mhysa"". As the bastard son of Lord Roose Bolton, Ramsay originally used the traditional surname for bastards born in the North, and was known as ""Ramsay Snow"". However, he has recently been legitimized as Lord Roose's lawful son, and has therefore been officially renamed ""Ramsay Bolton"" and thus giving him all the rights of a trueborn son. Ramsay is violent and sadistic, and fond of the ancient Bolton practice of flaying. During the War of the Five Kings, he is initially an ally of Robb Stark when he is dispatched by his father to retake Winterfell from Theon Greyjoy. Ramsay, however, massacres the ironborn garrison, puts the castle to the torch, and takes Theon prisoner, all part of his father's plan to betray Robb and the Northern army to the Lannisters. He subjects Theon to extensive physical and psychological torture, turning him into a broken pet named ""Reek"". "
40,Roose,Bolton,,Male,Old Gods of the Forest,Alive,"Lord Roose Bolton is a major character in the fifth season. He initially appeared as a recurring character in the second, third and fourth seasons. He is played by Michael McElhatton and debuts in ""Garden of Bones."" Roose Bolton is the Lord of the Dreadfort and the head of House Bolton. He declared for Robb Stark in the War of the Five Kings, but ultimately betrayed Robb and murdered him during the massacre at Edmure Tully's wedding at The Twins. Roose was then appointed Warden of the North as a reward. "
41,Brienne,Tarth,,Female,Faith of the Seven,Alive,"Brienne of Tarth is a major character in the fourth and fifth seasons. She initially appeared as a recurring character in the second and third seasons. She is played by Gwendoline Christie and debuts in ""What is Dead May Never Die."" She is a warrior of House Tarth, vassals to House Baratheon. After winning a tournament melee, she is made a member of King Renly Baratheon's new Kingsguard, shortly before his assassination. She becomes the sworn sword of Catelyn Stark and vows to avenge Renly's death. She is charged by Catelyn Stark to return Jaime Lannister to King's Landing, in an attempt to exchange him for her two daughters she believes are held hostage there. "
42,Viserys,Targaryen,,Male,Faith of the Seven,Deceased,"Viserys Targaryen is a major character in the first season. He is played by starring cast member Harry Lloyd, and debuts in the series premiere. Viserys is the exiled head of House Targaryen and considers himself the rightful ruler of the Seven Kingdoms. He arranges the marriage of his younger sister Daenerys Targaryen to the Dothraki Khal Drogo to provide the army he needs to retake the Iron Throne. He eventually grows impatient with Drogo and threatens to kill Daenerys if Drogo does not deliver his crown as agreed. Drogo responds by crowning Viserys in molten gold, killing him. He formally styled himself as Viserys of House Targaryen, the Third of His Name, King of the Andals and the First Men, Lord of the Seven Kingdoms and Protector of the Realm. "
